<?xml version="1.0" encoding="UTF-8"?><?xml-stylesheet type='text/xsl' href='_UpgradeReport_Files/UpgradeReport.xslt'?><UpgradeLog>
<Properties><Property Name="Solution" Value="DGP">
</Property><Property Name="Solution File" Value="C:\Users\leandro\Downloads\DGP\aplicacion20150510\DGP.sln">
</Property><Property Name="Date" Value="sábado, 21 de mayo de 2016">
</Property><Property Name="Time" Value="12:48 p. m.">
</Property></Properties><Event ErrorLevel="0" Project="" Source="DGP.sln" Description="File successfully backed up as C:\Users\leandro\Downloads\DGP\aplicacion20150510\Backup\DGP.sln">
</Event><Event ErrorLevel="0" Project="DGP.Presentation" Source="DGP.Presentation\DGP.Presentation.csproj" Description="Project file successfully backed up as C:\Users\leandro\Downloads\DGP\aplicacion20150510\Backup\DGP.Presentation\DGP.Presentation.csproj">
</Event><Event ErrorLevel="0" Project="DGP.Presentation" Source="DGP.Presentation\DGP.Presentation.csproj.user" Description="Project user file successfully backed up as C:\Users\leandro\Downloads\DGP\aplicacion20150510\Backup\DGP.Presentation\DGP.Presentation.csproj.user">
</Event><Event ErrorLevel="0" Project="DGP.Presentation" Source="DGP.Presentation\Clases\CalendarColumn.cs" Description="File successfully backed up as C:\Users\leandro\Downloads\DGP\aplicacion20150510\Backup\DGP.Presentation\Clases\CalendarColumn.cs">
</Event><Event ErrorLevel="0" Project="DGP.Presentation" Source="DGP.Presentation\Clases\DGP_Util.cs" Description="File successfully backed up as C:\Users\leandro\Downloads\DGP\aplicacion20150510\Backup\DGP.Presentation\Clases\DGP_Util.cs">
</Event><Event ErrorLevel="0" Project="DGP.Presentation" Source="DGP.Presentation\Clases\VariablesSession.cs" Description="File successfully backed up as C:\Users\leandro\Downloads\DGP\aplicacion20150510\Backup\DGP.Presentation\Clases\VariablesSession.cs">
</Event><Event ErrorLevel="0" Project="DGP.Presentation" Source="DGP.Presentation\frmLogin.cs" Description="File successfully backed up as C:\Users\leandro\Downloads\DGP\aplicacion20150510\Backup\DGP.Presentation\frmLogin.cs">
</Event><Event ErrorLevel="0" Project="DGP.Presentation" Source="DGP.Presentation\frmLogin.Designer.cs" Description="File successfully backed up as C:\Users\leandro\Downloads\DGP\aplicacion20150510\Backup\DGP.Presentation\frmLogin.Designer.cs">
</Event><Event ErrorLevel="0" Project="DGP.Presentation" Source="DGP.Presentation\frmMDIPrincipal.cs" Description="File successfully backed up as C:\Users\leandro\Downloads\DGP\aplicacion20150510\Backup\DGP.Presentation\frmMDIPrincipal.cs">
</Event><Event ErrorLevel="0" Project="DGP.Presentation" Source="DGP.Presentation\frmMDIPrincipal.Designer.cs" Description="File successfully backed up as C:\Users\leandro\Downloads\DGP\aplicacion20150510\Backup\DGP.Presentation\frmMDIPrincipal.Designer.cs">
</Event><Event ErrorLevel="0" Project="DGP.Presentation" Source="DGP.Presentation\Program.cs" Description="File successfully backed up as C:\Users\leandro\Downloads\DGP\aplicacion20150510\Backup\DGP.Presentation\Program.cs">
</Event><Event ErrorLevel="0" Project="DGP.Presentation" Source="DGP.Presentation\Properties\AssemblyInfo.cs" Description="File successfully backed up as C:\Users\leandro\Downloads\DGP\aplicacion20150510\Backup\DGP.Presentation\Properties\AssemblyInfo.cs">
</Event><Event ErrorLevel="0" Project="DGP.Presentation" Source="DGP.Presentation\Properties\Resources.Designer.cs" Description="File successfully backed up as C:\Users\leandro\Downloads\DGP\aplicacion20150510\Backup\DGP.Presentation\Properties\Resources.Designer.cs">
</Event><Event ErrorLevel="0" Project="DGP.Presentation" Source="DGP.Presentation\Properties\Settings.Designer.cs" Description="File successfully backed up as C:\Users\leandro\Downloads\DGP\aplicacion20150510\Backup\DGP.Presentation\Properties\Settings.Designer.cs">
</Event><Event ErrorLevel="0" Project="DGP.Presentation" Source="DGP.Presentation\Reportes\frmReporteFiltrosHojaPrecios.cs" Description="File successfully backed up as C:\Users\leandro\Downloads\DGP\aplicacion20150510\Backup\DGP.Presentation\Reportes\frmReporteFiltrosHojaPrecios.cs">
</Event><Event ErrorLevel="0" Project="DGP.Presentation" Source="DGP.Presentation\Reportes\frmReporteFiltrosHojaPrecios.Designer.cs" Description="File successfully backed up as C:\Users\leandro\Downloads\DGP\aplicacion20150510\Backup\DGP.Presentation\Reportes\frmReporteFiltrosHojaPrecios.Designer.cs">
</Event><Event ErrorLevel="0" Project="DGP.Presentation" Source="DGP.Presentation\Reportes\frmReporteFiltrosHojaTablero.cs" Description="File successfully backed up as C:\Users\leandro\Downloads\DGP\aplicacion20150510\Backup\DGP.Presentation\Reportes\frmReporteFiltrosHojaTablero.cs">
</Event><Event ErrorLevel="0" Project="DGP.Presentation" Source="DGP.Presentation\Reportes\frmReporteFiltrosHojaTablero.Designer.cs" Description="File successfully backed up as C:\Users\leandro\Downloads\DGP\aplicacion20150510\Backup\DGP.Presentation\Reportes\frmReporteFiltrosHojaTablero.Designer.cs">
</Event><Event ErrorLevel="0" Project="DGP.Presentation" Source="DGP.Presentation\Reportes\frmReporteFiltroPersonal.cs" Description="File successfully backed up as C:\Users\leandro\Downloads\DGP\aplicacion20150510\Backup\DGP.Presentation\Reportes\frmReporteFiltroPersonal.cs">
</Event><Event ErrorLevel="0" Project="DGP.Presentation" Source="DGP.Presentation\Reportes\frmReporteFiltroPersonal.Designer.cs" Description="File successfully backed up as C:\Users\leandro\Downloads\DGP\aplicacion20150510\Backup\DGP.Presentation\Reportes\frmReporteFiltroPersonal.Designer.cs">
</Event><Event ErrorLevel="0" Project="DGP.Presentation" Source="DGP.Presentation\Reportes\frmReporteCobranza.cs" Description="File successfully backed up as C:\Users\leandro\Downloads\DGP\aplicacion20150510\Backup\DGP.Presentation\Reportes\frmReporteCobranza.cs">
</Event><Event ErrorLevel="0" Project="DGP.Presentation" Source="DGP.Presentation\Reportes\frmReporteCobranza.Designer.cs" Description="File successfully backed up as C:\Users\leandro\Downloads\DGP\aplicacion20150510\Backup\DGP.Presentation\Reportes\frmReporteCobranza.Designer.cs">
</Event><Event ErrorLevel="0" Project="DGP.Presentation" Source="DGP.Presentation\Reportes\frmReporteFiltrosTablero.cs" Description="File successfully backed up as C:\Users\leandro\Downloads\DGP\aplicacion20150510\Backup\DGP.Presentation\Reportes\frmReporteFiltrosTablero.cs">
</Event><Event ErrorLevel="0" Project="DGP.Presentation" Source="DGP.Presentation\Reportes\frmReporteFiltrosTablero.Designer.cs" Description="File successfully backed up as C:\Users\leandro\Downloads\DGP\aplicacion20150510\Backup\DGP.Presentation\Reportes\frmReporteFiltrosTablero.Designer.cs">
</Event><Event ErrorLevel="0" Project="DGP.Presentation" Source="DGP.Presentation\Reportes\frmReporteViewer.cs" Description="File successfully backed up as C:\Users\leandro\Downloads\DGP\aplicacion20150510\Backup\DGP.Presentation\Reportes\frmReporteViewer.cs">
</Event><Event ErrorLevel="0" Project="DGP.Presentation" Source="DGP.Presentation\Reportes\frmReporteViewer.Designer.cs" Description="File successfully backed up as C:\Users\leandro\Downloads\DGP\aplicacion20150510\Backup\DGP.Presentation\Reportes\frmReporteViewer.Designer.cs">
</Event><Event ErrorLevel="0" Project="DGP.Presentation" Source="DGP.Presentation\Ventas\frmActMasivaClientes.cs" Description="File successfully backed up as C:\Users\leandro\Downloads\DGP\aplicacion20150510\Backup\DGP.Presentation\Ventas\frmActMasivaClientes.cs">
</Event><Event ErrorLevel="0" Project="DGP.Presentation" Source="DGP.Presentation\Ventas\frmActMasivaClientes.Designer.cs" Description="File successfully backed up as C:\Users\leandro\Downloads\DGP\aplicacion20150510\Backup\DGP.Presentation\Ventas\frmActMasivaClientes.Designer.cs">
</Event><Event ErrorLevel="0" Project="DGP.Presentation" Source="DGP.Presentation\Ventas\frmAmortizacion.cs" Description="File successfully backed up as C:\Users\leandro\Downloads\DGP\aplicacion20150510\Backup\DGP.Presentation\Ventas\frmAmortizacion.cs">
</Event><Event ErrorLevel="0" Project="DGP.Presentation" Source="DGP.Presentation\Ventas\frmAmortizacion.Designer.cs" Description="File successfully backed up as C:\Users\leandro\Downloads\DGP\aplicacion20150510\Backup\DGP.Presentation\Ventas\frmAmortizacion.Designer.cs">
</Event><Event ErrorLevel="0" Project="DGP.Presentation" Source="DGP.Presentation\Ventas\frmDetalleVenta.cs" Description="File successfully backed up as C:\Users\leandro\Downloads\DGP\aplicacion20150510\Backup\DGP.Presentation\Ventas\frmDetalleVenta.cs">
</Event><Event ErrorLevel="0" Project="DGP.Presentation" Source="DGP.Presentation\Ventas\frmDetalleVenta.Designer.cs" Description="File successfully backed up as C:\Users\leandro\Downloads\DGP\aplicacion20150510\Backup\DGP.Presentation\Ventas\frmDetalleVenta.Designer.cs">
</Event><Event ErrorLevel="0" Project="DGP.Presentation" Source="DGP.Presentation\Ventas\frmDevoluciones.cs" Description="File successfully backed up as C:\Users\leandro\Downloads\DGP\aplicacion20150510\Backup\DGP.Presentation\Ventas\frmDevoluciones.cs">
</Event><Event ErrorLevel="0" Project="DGP.Presentation" Source="DGP.Presentation\Ventas\frmDevoluciones.Designer.cs" Description="File successfully backed up as C:\Users\leandro\Downloads\DGP\aplicacion20150510\Backup\DGP.Presentation\Ventas\frmDevoluciones.Designer.cs">
</Event><Event ErrorLevel="0" Project="DGP.Presentation" Source="DGP.Presentation\Ventas\frmMantenimientoCliente.cs" Description="File successfully backed up as C:\Users\leandro\Downloads\DGP\aplicacion20150510\Backup\DGP.Presentation\Ventas\frmMantenimientoCliente.cs">
</Event><Event ErrorLevel="0" Project="DGP.Presentation" Source="DGP.Presentation\Ventas\frmMantenimientoCliente.Designer.cs" Description="File successfully backed up as C:\Users\leandro\Downloads\DGP\aplicacion20150510\Backup\DGP.Presentation\Ventas\frmMantenimientoCliente.Designer.cs">
</Event><Event ErrorLevel="0" Project="DGP.Presentation" Source="DGP.Presentation\Ventas\frmMantenimientoVentas.cs" Description="File successfully backed up as C:\Users\leandro\Downloads\DGP\aplicacion20150510\Backup\DGP.Presentation\Ventas\frmMantenimientoVentas.cs">
</Event><Event ErrorLevel="0" Project="DGP.Presentation" Source="DGP.Presentation\Ventas\frmMantenimientoVentas.Designer.cs" Description="File successfully backed up as C:\Users\leandro\Downloads\DGP\aplicacion20150510\Backup\DGP.Presentation\Ventas\frmMantenimientoVentas.Designer.cs">
</Event><Event ErrorLevel="0" Project="DGP.Presentation" Source="DGP.Presentation\Ventas\frmPagoAdelanto.cs" Description="File successfully backed up as C:\Users\leandro\Downloads\DGP\aplicacion20150510\Backup\DGP.Presentation\Ventas\frmPagoAdelanto.cs">
</Event><Event ErrorLevel="0" Project="DGP.Presentation" Source="DGP.Presentation\Ventas\frmPagoAdelanto.Designer.cs" Description="File successfully backed up as C:\Users\leandro\Downloads\DGP\aplicacion20150510\Backup\DGP.Presentation\Ventas\frmPagoAdelanto.Designer.cs">
</Event><Event ErrorLevel="0" Project="DGP.Presentation" Source="DGP.Presentation\Ventas\frmProductoCliente.cs" Description="File successfully backed up as C:\Users\leandro\Downloads\DGP\aplicacion20150510\Backup\DGP.Presentation\Ventas\frmProductoCliente.cs">
</Event><Event ErrorLevel="0" Project="DGP.Presentation" Source="DGP.Presentation\Ventas\frmProductoCliente.Designer.cs" Description="File successfully backed up as C:\Users\leandro\Downloads\DGP\aplicacion20150510\Backup\DGP.Presentation\Ventas\frmProductoCliente.Designer.cs">
</Event><Event ErrorLevel="0" Project="DGP.Presentation" Source="DGP.Presentation\Ventas\frmTableroElectronico.cs" Description="File successfully backed up as C:\Users\leandro\Downloads\DGP\aplicacion20150510\Backup\DGP.Presentation\Ventas\frmTableroElectronico.cs">
</Event><Event ErrorLevel="0" Project="DGP.Presentation" Source="DGP.Presentation\Ventas\frmTableroElectronico.Designer.cs" Description="File successfully backed up as C:\Users\leandro\Downloads\DGP\aplicacion20150510\Backup\DGP.Presentation\Ventas\frmTableroElectronico.Designer.cs">
</Event><Event ErrorLevel="0" Project="DGP.Presentation" Source="DGP.Presentation\Ventas\frmTableroElectronico_gastos.cs" Description="File successfully backed up as C:\Users\leandro\Downloads\DGP\aplicacion20150510\Backup\DGP.Presentation\Ventas\frmTableroElectronico_gastos.cs">
</Event><Event ErrorLevel="0" Project="DGP.Presentation" Source="DGP.Presentation\App.config" Description="File successfully backed up as C:\Users\leandro\Downloads\DGP\aplicacion20150510\Backup\DGP.Presentation\App.config">
</Event><Event ErrorLevel="0" Project="DGP.Presentation" Source="DGP.Presentation\Properties\DataSources\DGP.Entities.BEProducto.datasource" Description="File successfully backed up as C:\Users\leandro\Downloads\DGP\aplicacion20150510\Backup\DGP.Presentation\Properties\DataSources\DGP.Entities.BEProducto.datasource">
</Event><Event ErrorLevel="0" Project="DGP.Presentation" Source="DGP.Presentation\Properties\DataSources\DGP.Entities.BEZona.datasource" Description="File successfully backed up as C:\Users\leandro\Downloads\DGP\aplicacion20150510\Backup\DGP.Presentation\Properties\DataSources\DGP.Entities.BEZona.datasource">
</Event><Event ErrorLevel="0" Project="DGP.Presentation" Source="DGP.Presentation\Properties\DataSources\DGP.Entities.DataSet.DSEntitiesCliente+Tb_Cliente_ProveedorDataTable.datasource" Description="File successfully backed up as C:\Users\leandro\Downloads\DGP\aplicacion20150510\Backup\DGP.Presentation\Properties\DataSources\DGP.Entities.DataSet.DSEntitiesCliente+Tb_Cliente_ProveedorDataTable.datasource">
</Event><Event ErrorLevel="0" Project="DGP.Presentation" Source="DGP.Presentation\Properties\DataSources\DGP.Entities.DataSet.DSEntitiesCliente+Tb_Prod_x_ClienteDataTable.datasource" Description="File successfully backed up as C:\Users\leandro\Downloads\DGP\aplicacion20150510\Backup\DGP.Presentation\Properties\DataSources\DGP.Entities.DataSet.DSEntitiesCliente+Tb_Prod_x_ClienteDataTable.datasource">
</Event><Event ErrorLevel="0" Project="DGP.Presentation" Source="DGP.Presentation\Properties\DataSources\DGP.Entities.DataSet.DSEntitiesCliente+Tb_Prod_x_ClienteDataTable1.datasource" Description="File successfully backed up as C:\Users\leandro\Downloads\DGP\aplicacion20150510\Backup\DGP.Presentation\Properties\DataSources\DGP.Entities.DataSet.DSEntitiesCliente+Tb_Prod_x_ClienteDataTable1.datasource">
</Event><Event ErrorLevel="0" Project="DGP.Presentation" Source="DGP.Presentation\Properties\DataSources\DGP.Entities.DataSet.DSEntitiesCliente+Tb_ZonaDataTable.datasource" Description="File successfully backed up as C:\Users\leandro\Downloads\DGP\aplicacion20150510\Backup\DGP.Presentation\Properties\DataSources\DGP.Entities.DataSet.DSEntitiesCliente+Tb_ZonaDataTable.datasource">
</Event><Event ErrorLevel="0" Project="DGP.Presentation" Source="DGP.Presentation\Properties\DataSources\DGP.Entities.DataSet.DSEntitiesClienteTableAdapters.Tb_Cliente_ProveedorTableAdapter.datasource" Description="File successfully backed up as C:\Users\leandro\Downloads\DGP\aplicacion20150510\Backup\DGP.Presentation\Properties\DataSources\DGP.Entities.DataSet.DSEntitiesClienteTableAdapters.Tb_Cliente_ProveedorTableAdapter.datasource">
</Event><Event ErrorLevel="0" Project="DGP.Presentation" Source="DGP.Presentation\Properties\DataSources\DGP.Entities.DataSet.DSEntitiesTablero+tb_gastoDataTable.datasource" Description="File successfully backed up as C:\Users\leandro\Downloads\DGP\aplicacion20150510\Backup\DGP.Presentation\Properties\DataSources\DGP.Entities.DataSet.DSEntitiesTablero+tb_gastoDataTable.datasource">
</Event><Event ErrorLevel="0" Project="DGP.Presentation" Source="DGP.Presentation\Properties\DataSources\DGP.Entities.DataSet.DSEntitiesTablero+Tb_Tipo_GastoDataTable.datasource" Description="File successfully backed up as C:\Users\leandro\Downloads\DGP\aplicacion20150510\Backup\DGP.Presentation\Properties\DataSources\DGP.Entities.DataSet.DSEntitiesTablero+Tb_Tipo_GastoDataTable.datasource">
</Event><Event ErrorLevel="0" Project="DGP.Presentation" Source="DGP.Presentation\Properties\Settings.settings" Description="File successfully backed up as C:\Users\leandro\Downloads\DGP\aplicacion20150510\Backup\DGP.Presentation\Properties\Settings.settings">
</Event><Event ErrorLevel="0" Project="DGP.Presentation" Source="DGP.Presentation\frmLogin.resx" Description="File successfully backed up as C:\Users\leandro\Downloads\DGP\aplicacion20150510\Backup\DGP.Presentation\frmLogin.resx">
</Event><Event ErrorLevel="0" Project="DGP.Presentation" Source="DGP.Presentation\frmMDIPrincipal.resx" Description="File successfully backed up as C:\Users\leandro\Downloads\DGP\aplicacion20150510\Backup\DGP.Presentation\frmMDIPrincipal.resx">
</Event><Event ErrorLevel="0" Project="DGP.Presentation" Source="DGP.Presentation\Properties\Resources.resx" Description="File successfully backed up as C:\Users\leandro\Downloads\DGP\aplicacion20150510\Backup\DGP.Presentation\Properties\Resources.resx">
</Event><Event ErrorLevel="0" Project="DGP.Presentation" Source="DGP.Presentation\Reportes\frmReporteFiltrosHojaPrecios.resx" Description="File successfully backed up as C:\Users\leandro\Downloads\DGP\aplicacion20150510\Backup\DGP.Presentation\Reportes\frmReporteFiltrosHojaPrecios.resx">
</Event><Event ErrorLevel="0" Project="DGP.Presentation" Source="DGP.Presentation\Reportes\frmReporteFiltrosHojaTablero.resx" Description="File successfully backed up as C:\Users\leandro\Downloads\DGP\aplicacion20150510\Backup\DGP.Presentation\Reportes\frmReporteFiltrosHojaTablero.resx">
</Event><Event ErrorLevel="0" Project="DGP.Presentation" Source="DGP.Presentation\Reportes\frmReporteFiltroPersonal.resx" Description="File successfully backed up as C:\Users\leandro\Downloads\DGP\aplicacion20150510\Backup\DGP.Presentation\Reportes\frmReporteFiltroPersonal.resx">
</Event><Event ErrorLevel="0" Project="DGP.Presentation" Source="DGP.Presentation\Reportes\frmReporteCobranza.resx" Description="File successfully backed up as C:\Users\leandro\Downloads\DGP\aplicacion20150510\Backup\DGP.Presentation\Reportes\frmReporteCobranza.resx">
</Event><Event ErrorLevel="0" Project="DGP.Presentation" Source="DGP.Presentation\Reportes\frmReporteFiltrosTablero.resx" Description="File successfully backed up as C:\Users\leandro\Downloads\DGP\aplicacion20150510\Backup\DGP.Presentation\Reportes\frmReporteFiltrosTablero.resx">
</Event><Event ErrorLevel="0" Project="DGP.Presentation" Source="DGP.Presentation\Reportes\frmReporteViewer.resx" Description="File successfully backed up as C:\Users\leandro\Downloads\DGP\aplicacion20150510\Backup\DGP.Presentation\Reportes\frmReporteViewer.resx">
</Event><Event ErrorLevel="0" Project="DGP.Presentation" Source="DGP.Presentation\Ventas\frmActMasivaClientes.resx" Description="File successfully backed up as C:\Users\leandro\Downloads\DGP\aplicacion20150510\Backup\DGP.Presentation\Ventas\frmActMasivaClientes.resx">
</Event><Event ErrorLevel="0" Project="DGP.Presentation" Source="DGP.Presentation\Ventas\frmAmortizacion.resx" Description="File successfully backed up as C:\Users\leandro\Downloads\DGP\aplicacion20150510\Backup\DGP.Presentation\Ventas\frmAmortizacion.resx">
</Event><Event ErrorLevel="0" Project="DGP.Presentation" Source="DGP.Presentation\Ventas\frmDetalleVenta.resx" Description="File successfully backed up as C:\Users\leandro\Downloads\DGP\aplicacion20150510\Backup\DGP.Presentation\Ventas\frmDetalleVenta.resx">
</Event><Event ErrorLevel="0" Project="DGP.Presentation" Source="DGP.Presentation\Ventas\frmDevoluciones.resx" Description="File successfully backed up as C:\Users\leandro\Downloads\DGP\aplicacion20150510\Backup\DGP.Presentation\Ventas\frmDevoluciones.resx">
</Event><Event ErrorLevel="0" Project="DGP.Presentation" Source="DGP.Presentation\Ventas\frmMantenimientoCliente.resx" Description="File successfully backed up as C:\Users\leandro\Downloads\DGP\aplicacion20150510\Backup\DGP.Presentation\Ventas\frmMantenimientoCliente.resx">
</Event><Event ErrorLevel="0" Project="DGP.Presentation" Source="DGP.Presentation\Ventas\frmMantenimientoVentas.resx" Description="File successfully backed up as C:\Users\leandro\Downloads\DGP\aplicacion20150510\Backup\DGP.Presentation\Ventas\frmMantenimientoVentas.resx">
</Event><Event ErrorLevel="0" Project="DGP.Presentation" Source="DGP.Presentation\Ventas\frmPagoAdelanto.resx" Description="File successfully backed up as C:\Users\leandro\Downloads\DGP\aplicacion20150510\Backup\DGP.Presentation\Ventas\frmPagoAdelanto.resx">
</Event><Event ErrorLevel="0" Project="DGP.Presentation" Source="DGP.Presentation\Ventas\frmProductoCliente.resx" Description="File successfully backed up as C:\Users\leandro\Downloads\DGP\aplicacion20150510\Backup\DGP.Presentation\Ventas\frmProductoCliente.resx">
</Event><Event ErrorLevel="0" Project="DGP.Presentation" Source="DGP.Presentation\Ventas\frmTableroElectronico.resx" Description="File successfully backed up as C:\Users\leandro\Downloads\DGP\aplicacion20150510\Backup\DGP.Presentation\Ventas\frmTableroElectronico.resx">
</Event><Event ErrorLevel="0" Project="DGP.Presentation" Source="DGP.Presentation\DGP.Presentation.csproj" Description="Project converted successfully">
</Event><Event ErrorLevel="3" Project="DGP.Presentation" Source="DGP.Presentation\DGP.Presentation.csproj" Description="Converted">
</Event><Event ErrorLevel="0" Project="DGP.BusinessLogic" Source="DGP.BusinessLogic\DGP.BusinessLogic.csproj" Description="Project file successfully backed up as C:\Users\leandro\Downloads\DGP\aplicacion20150510\Backup\DGP.BusinessLogic\DGP.BusinessLogic.csproj">
</Event><Event ErrorLevel="0" Project="DGP.BusinessLogic" Source="DGP.BusinessLogic\BLCaja.cs" Description="File successfully backed up as C:\Users\leandro\Downloads\DGP\aplicacion20150510\Backup\DGP.BusinessLogic\BLCaja.cs">
</Event><Event ErrorLevel="0" Project="DGP.BusinessLogic" Source="DGP.BusinessLogic\BLClienteProveedor.cs" Description="File successfully backed up as C:\Users\leandro\Downloads\DGP\aplicacion20150510\Backup\DGP.BusinessLogic\BLClienteProveedor.cs">
</Event><Event ErrorLevel="0" Project="DGP.BusinessLogic" Source="DGP.BusinessLogic\BLEmpresa.cs" Description="File successfully backed up as C:\Users\leandro\Downloads\DGP\aplicacion20150510\Backup\DGP.BusinessLogic\BLEmpresa.cs">
</Event><Event ErrorLevel="0" Project="DGP.BusinessLogic" Source="DGP.BusinessLogic\BLParametroDetalle.cs" Description="File successfully backed up as C:\Users\leandro\Downloads\DGP\aplicacion20150510\Backup\DGP.BusinessLogic\BLParametroDetalle.cs">
</Event><Event ErrorLevel="0" Project="DGP.BusinessLogic" Source="DGP.BusinessLogic\BLProducto.cs" Description="File successfully backed up as C:\Users\leandro\Downloads\DGP\aplicacion20150510\Backup\DGP.BusinessLogic\BLProducto.cs">
</Event><Event ErrorLevel="0" Project="DGP.BusinessLogic" Source="DGP.BusinessLogic\BLProductoCliente.cs" Description="File successfully backed up as C:\Users\leandro\Downloads\DGP\aplicacion20150510\Backup\DGP.BusinessLogic\BLProductoCliente.cs">
</Event><Event ErrorLevel="0" Project="DGP.BusinessLogic" Source="DGP.BusinessLogic\BLZona.cs" Description="File successfully backed up as C:\Users\leandro\Downloads\DGP\aplicacion20150510\Backup\DGP.BusinessLogic\BLZona.cs">
</Event><Event ErrorLevel="0" Project="DGP.BusinessLogic" Source="DGP.BusinessLogic\Properties\AssemblyInfo.cs" Description="File successfully backed up as C:\Users\leandro\Downloads\DGP\aplicacion20150510\Backup\DGP.BusinessLogic\Properties\AssemblyInfo.cs">
</Event><Event ErrorLevel="0" Project="DGP.BusinessLogic" Source="DGP.BusinessLogic\Seguridad\BLPersonal.cs" Description="File successfully backed up as C:\Users\leandro\Downloads\DGP\aplicacion20150510\Backup\DGP.BusinessLogic\Seguridad\BLPersonal.cs">
</Event><Event ErrorLevel="0" Project="DGP.BusinessLogic" Source="DGP.BusinessLogic\Ventas\BLAmortizacionVenta.cs" Description="File successfully backed up as C:\Users\leandro\Downloads\DGP\aplicacion20150510\Backup\DGP.BusinessLogic\Ventas\BLAmortizacionVenta.cs">
</Event><Event ErrorLevel="0" Project="DGP.BusinessLogic" Source="DGP.BusinessLogic\Ventas\BLLineaVenta.cs" Description="File successfully backed up as C:\Users\leandro\Downloads\DGP\aplicacion20150510\Backup\DGP.BusinessLogic\Ventas\BLLineaVenta.cs">
</Event><Event ErrorLevel="0" Project="DGP.BusinessLogic" Source="DGP.BusinessLogic\Ventas\BLVenta.cs" Description="File successfully backed up as C:\Users\leandro\Downloads\DGP\aplicacion20150510\Backup\DGP.BusinessLogic\Ventas\BLVenta.cs">
</Event><Event ErrorLevel="0" Project="DGP.BusinessLogic" Source="DGP.BusinessLogic\DGP.BusinessLogic.snk" Description="File successfully backed up as C:\Users\leandro\Downloads\DGP\aplicacion20150510\Backup\DGP.BusinessLogic\DGP.BusinessLogic.snk">
</Event><Event ErrorLevel="0" Project="DGP.BusinessLogic" Source="DGP.BusinessLogic\DGP.BusinessLogic.csproj" Description="Project converted successfully">
</Event><Event ErrorLevel="3" Project="DGP.BusinessLogic" Source="DGP.BusinessLogic\DGP.BusinessLogic.csproj" Description="Converted">
</Event><Event ErrorLevel="0" Project="DGP.DataAccess" Source="DGP.DataAccess\DGP.DataAccess.csproj" Description="Project file successfully backed up as C:\Users\leandro\Downloads\DGP\aplicacion20150510\Backup\DGP.DataAccess\DGP.DataAccess.csproj">
</Event><Event ErrorLevel="0" Project="DGP.DataAccess" Source="DGP.DataAccess\DGP.DataAccess.csproj.user" Description="Project user file successfully backed up as C:\Users\leandro\Downloads\DGP\aplicacion20150510\Backup\DGP.DataAccess\DGP.DataAccess.csproj.user">
</Event><Event ErrorLevel="0" Project="DGP.DataAccess" Source="DGP.DataAccess\DACaja.cs" Description="File successfully backed up as C:\Users\leandro\Downloads\DGP\aplicacion20150510\Backup\DGP.DataAccess\DACaja.cs">
</Event><Event ErrorLevel="0" Project="DGP.DataAccess" Source="DGP.DataAccess\DAClienteProveedor.cs" Description="File successfully backed up as C:\Users\leandro\Downloads\DGP\aplicacion20150510\Backup\DGP.DataAccess\DAClienteProveedor.cs">
</Event><Event ErrorLevel="0" Project="DGP.DataAccess" Source="DGP.DataAccess\DAEmpresa.cs" Description="File successfully backed up as C:\Users\leandro\Downloads\DGP\aplicacion20150510\Backup\DGP.DataAccess\DAEmpresa.cs">
</Event><Event ErrorLevel="0" Project="DGP.DataAccess" Source="DGP.DataAccess\DAParametroDetalle.cs" Description="File successfully backed up as C:\Users\leandro\Downloads\DGP\aplicacion20150510\Backup\DGP.DataAccess\DAParametroDetalle.cs">
</Event><Event ErrorLevel="0" Project="DGP.DataAccess" Source="DGP.DataAccess\DAProducto.cs" Description="File successfully backed up as C:\Users\leandro\Downloads\DGP\aplicacion20150510\Backup\DGP.DataAccess\DAProducto.cs">
</Event><Event ErrorLevel="0" Project="DGP.DataAccess" Source="DGP.DataAccess\DAProductoCliente.cs" Description="File successfully backed up as C:\Users\leandro\Downloads\DGP\aplicacion20150510\Backup\DGP.DataAccess\DAProductoCliente.cs">
</Event><Event ErrorLevel="0" Project="DGP.DataAccess" Source="DGP.DataAccess\DAZona.cs" Description="File successfully backed up as C:\Users\leandro\Downloads\DGP\aplicacion20150510\Backup\DGP.DataAccess\DAZona.cs">
</Event><Event ErrorLevel="0" Project="DGP.DataAccess" Source="DGP.DataAccess\DBHelper\DBHelper.cs" Description="File successfully backed up as C:\Users\leandro\Downloads\DGP\aplicacion20150510\Backup\DGP.DataAccess\DBHelper\DBHelper.cs">
</Event><Event ErrorLevel="0" Project="DGP.DataAccess" Source="DGP.DataAccess\Properties\AssemblyInfo.cs" Description="File successfully backed up as C:\Users\leandro\Downloads\DGP\aplicacion20150510\Backup\DGP.DataAccess\Properties\AssemblyInfo.cs">
</Event><Event ErrorLevel="0" Project="DGP.DataAccess" Source="DGP.DataAccess\Seguridad\DAPersonal.cs" Description="File successfully backed up as C:\Users\leandro\Downloads\DGP\aplicacion20150510\Backup\DGP.DataAccess\Seguridad\DAPersonal.cs">
</Event><Event ErrorLevel="0" Project="DGP.DataAccess" Source="DGP.DataAccess\Ventas\DAAmortizacionVenta.cs" Description="File successfully backed up as C:\Users\leandro\Downloads\DGP\aplicacion20150510\Backup\DGP.DataAccess\Ventas\DAAmortizacionVenta.cs">
</Event><Event ErrorLevel="0" Project="DGP.DataAccess" Source="DGP.DataAccess\Ventas\DALineaVenta.cs" Description="File successfully backed up as C:\Users\leandro\Downloads\DGP\aplicacion20150510\Backup\DGP.DataAccess\Ventas\DALineaVenta.cs">
</Event><Event ErrorLevel="0" Project="DGP.DataAccess" Source="DGP.DataAccess\Ventas\DAVenta.cs" Description="File successfully backed up as C:\Users\leandro\Downloads\DGP\aplicacion20150510\Backup\DGP.DataAccess\Ventas\DAVenta.cs">
</Event><Event ErrorLevel="0" Project="DGP.DataAccess" Source="DGP.DataAccess\DGP.DataAccess.snk" Description="File successfully backed up as C:\Users\leandro\Downloads\DGP\aplicacion20150510\Backup\DGP.DataAccess\DGP.DataAccess.snk">
</Event><Event ErrorLevel="0" Project="DGP.DataAccess" Source="DGP.DataAccess\DGP.DataAccess.csproj" Description="Project converted successfully">
</Event><Event ErrorLevel="3" Project="DGP.DataAccess" Source="DGP.DataAccess\DGP.DataAccess.csproj" Description="Converted">
</Event><Event ErrorLevel="0" Project="DGP.Entities" Source="DGP.Entities\DGP.Entities.csproj" Description="Project file successfully backed up as C:\Users\leandro\Downloads\DGP\aplicacion20150510\Backup\DGP.Entities\DGP.Entities.csproj">
</Event><Event ErrorLevel="0" Project="DGP.Entities" Source="DGP.Entities\DGP.Entities.csproj.user" Description="Project user file successfully backed up as C:\Users\leandro\Downloads\DGP\aplicacion20150510\Backup\DGP.Entities\DGP.Entities.csproj.user">
</Event><Event ErrorLevel="0" Project="DGP.Entities" Source="DGP.Entities\BECaja.cs" Description="File successfully backed up as C:\Users\leandro\Downloads\DGP\aplicacion20150510\Backup\DGP.Entities\BECaja.cs">
</Event><Event ErrorLevel="0" Project="DGP.Entities" Source="DGP.Entities\BEClienteProveedor.cs" Description="File successfully backed up as C:\Users\leandro\Downloads\DGP\aplicacion20150510\Backup\DGP.Entities\BEClienteProveedor.cs">
</Event><Event ErrorLevel="0" Project="DGP.Entities" Source="DGP.Entities\BEEmpresa.cs" Description="File successfully backed up as C:\Users\leandro\Downloads\DGP\aplicacion20150510\Backup\DGP.Entities\BEEmpresa.cs">
</Event><Event ErrorLevel="0" Project="DGP.Entities" Source="DGP.Entities\BEParametroDetalle.cs" Description="File successfully backed up as C:\Users\leandro\Downloads\DGP\aplicacion20150510\Backup\DGP.Entities\BEParametroDetalle.cs">
</Event><Event ErrorLevel="0" Project="DGP.Entities" Source="DGP.Entities\DataSet\DSEntitiesCliente.cs" Description="File successfully backed up as C:\Users\leandro\Downloads\DGP\aplicacion20150510\Backup\DGP.Entities\DataSet\DSEntitiesCliente.cs">
</Event><Event ErrorLevel="0" Project="DGP.Entities" Source="DGP.Entities\DataSet\DSEntitiesCliente.Designer.cs" Description="File successfully backed up as C:\Users\leandro\Downloads\DGP\aplicacion20150510\Backup\DGP.Entities\DataSet\DSEntitiesCliente.Designer.cs">
</Event><Event ErrorLevel="0" Project="DGP.Entities" Source="DGP.Entities\DataSet\DSEntitiesTablero.cs" Description="File successfully backed up as C:\Users\leandro\Downloads\DGP\aplicacion20150510\Backup\DGP.Entities\DataSet\DSEntitiesTablero.cs">
</Event><Event ErrorLevel="0" Project="DGP.Entities" Source="DGP.Entities\DataSet\DSEntitiesTablero.Designer.cs" Description="File successfully backed up as C:\Users\leandro\Downloads\DGP\aplicacion20150510\Backup\DGP.Entities\DataSet\DSEntitiesTablero.Designer.cs">
</Event><Event ErrorLevel="0" Project="DGP.Entities" Source="DGP.Entities\DataSet\DSHojaCobranza.cs" Description="File successfully backed up as C:\Users\leandro\Downloads\DGP\aplicacion20150510\Backup\DGP.Entities\DataSet\DSHojaCobranza.cs">
</Event><Event ErrorLevel="0" Project="DGP.Entities" Source="DGP.Entities\DataSet\DSHojaCobranza.Designer.cs" Description="File successfully backed up as C:\Users\leandro\Downloads\DGP\aplicacion20150510\Backup\DGP.Entities\DataSet\DSHojaCobranza.Designer.cs">
</Event><Event ErrorLevel="0" Project="DGP.Entities" Source="DGP.Entities\DataSet\DSRptClientes.cs" Description="File successfully backed up as C:\Users\leandro\Downloads\DGP\aplicacion20150510\Backup\DGP.Entities\DataSet\DSRptClientes.cs">
</Event><Event ErrorLevel="0" Project="DGP.Entities" Source="DGP.Entities\DataSet\DSRptClientes.Designer.cs" Description="File successfully backed up as C:\Users\leandro\Downloads\DGP\aplicacion20150510\Backup\DGP.Entities\DataSet\DSRptClientes.Designer.cs">
</Event><Event ErrorLevel="0" Project="DGP.Entities" Source="DGP.Entities\DataSet\DSRptTablero.cs" Description="File successfully backed up as C:\Users\leandro\Downloads\DGP\aplicacion20150510\Backup\DGP.Entities\DataSet\DSRptTablero.cs">
</Event><Event ErrorLevel="0" Project="DGP.Entities" Source="DGP.Entities\DataSet\DSRptTablero.Designer.cs" Description="File successfully backed up as C:\Users\leandro\Downloads\DGP\aplicacion20150510\Backup\DGP.Entities\DataSet\DSRptTablero.Designer.cs">
</Event><Event ErrorLevel="0" Project="DGP.Entities" Source="DGP.Entities\dgpDataSet.Designer.cs" Description="File successfully backed up as C:\Users\leandro\Downloads\DGP\aplicacion20150510\Backup\DGP.Entities\dgpDataSet.Designer.cs">
</Event><Event ErrorLevel="0" Project="DGP.Entities" Source="DGP.Entities\eAccion.cs" Description="File successfully backed up as C:\Users\leandro\Downloads\DGP\aplicacion20150510\Backup\DGP.Entities\eAccion.cs">
</Event><Event ErrorLevel="0" Project="DGP.Entities" Source="DGP.Entities\eParametro.cs" Description="File successfully backed up as C:\Users\leandro\Downloads\DGP\aplicacion20150510\Backup\DGP.Entities\eParametro.cs">
</Event><Event ErrorLevel="0" Project="DGP.Entities" Source="DGP.Entities\Properties\Settings.Designer.cs" Description="File successfully backed up as C:\Users\leandro\Downloads\DGP\aplicacion20150510\Backup\DGP.Entities\Properties\Settings.Designer.cs">
</Event><Event ErrorLevel="0" Project="DGP.Entities" Source="DGP.Entities\Reportes\BEFiltroTablero.cs" Description="File successfully backed up as C:\Users\leandro\Downloads\DGP\aplicacion20150510\Backup\DGP.Entities\Reportes\BEFiltroTablero.cs">
</Event><Event ErrorLevel="0" Project="DGP.Entities" Source="DGP.Entities\Reportes\CRptHojaPrecios.cs" Description="File successfully backed up as C:\Users\leandro\Downloads\DGP\aplicacion20150510\Backup\DGP.Entities\Reportes\CRptHojaPrecios.cs">
</Event><Event ErrorLevel="0" Project="DGP.Entities" Source="DGP.Entities\Reportes\CRptHojaTablero.cs" Description="File successfully backed up as C:\Users\leandro\Downloads\DGP\aplicacion20150510\Backup\DGP.Entities\Reportes\CRptHojaTablero.cs">
</Event><Event ErrorLevel="0" Project="DGP.Entities" Source="DGP.Entities\Reportes\CRHojaCobranza.cs" Description="File successfully backed up as C:\Users\leandro\Downloads\DGP\aplicacion20150510\Backup\DGP.Entities\Reportes\CRHojaCobranza.cs">
</Event><Event ErrorLevel="0" Project="DGP.Entities" Source="DGP.Entities\Reportes\CRptReporteTablero.cs" Description="File successfully backed up as C:\Users\leandro\Downloads\DGP\aplicacion20150510\Backup\DGP.Entities\Reportes\CRptReporteTablero.cs">
</Event><Event ErrorLevel="0" Project="DGP.Entities" Source="DGP.Entities\Reportes\CRRendicion.cs" Description="File successfully backed up as C:\Users\leandro\Downloads\DGP\aplicacion20150510\Backup\DGP.Entities\Reportes\CRRendicion.cs">
</Event><Event ErrorLevel="0" Project="DGP.Entities" Source="DGP.Entities\Seguridad\BEPersonal.cs" Description="File successfully backed up as C:\Users\leandro\Downloads\DGP\aplicacion20150510\Backup\DGP.Entities\Seguridad\BEPersonal.cs">
</Event><Event ErrorLevel="0" Project="DGP.Entities" Source="DGP.Entities\BEProducto.cs" Description="File successfully backed up as C:\Users\leandro\Downloads\DGP\aplicacion20150510\Backup\DGP.Entities\BEProducto.cs">
</Event><Event ErrorLevel="0" Project="DGP.Entities" Source="DGP.Entities\BEProductoCliente.cs" Description="File successfully backed up as C:\Users\leandro\Downloads\DGP\aplicacion20150510\Backup\DGP.Entities\BEProductoCliente.cs">
</Event><Event ErrorLevel="0" Project="DGP.Entities" Source="DGP.Entities\Properties\AssemblyInfo.cs" Description="File successfully backed up as C:\Users\leandro\Downloads\DGP\aplicacion20150510\Backup\DGP.Entities\Properties\AssemblyInfo.cs">
</Event><Event ErrorLevel="0" Project="DGP.Entities" Source="DGP.Entities\Ventas\BEAmortizacionVenta.cs" Description="File successfully backed up as C:\Users\leandro\Downloads\DGP\aplicacion20150510\Backup\DGP.Entities\Ventas\BEAmortizacionVenta.cs">
</Event><Event ErrorLevel="0" Project="DGP.Entities" Source="DGP.Entities\Ventas\BELineaVenta.cs" Description="File successfully backed up as C:\Users\leandro\Downloads\DGP\aplicacion20150510\Backup\DGP.Entities\Ventas\BELineaVenta.cs">
</Event><Event ErrorLevel="0" Project="DGP.Entities" Source="DGP.Entities\Ventas\BEVenta.cs" Description="File successfully backed up as C:\Users\leandro\Downloads\DGP\aplicacion20150510\Backup\DGP.Entities\Ventas\BEVenta.cs">
</Event><Event ErrorLevel="0" Project="DGP.Entities" Source="DGP.Entities\BEZona.cs" Description="File successfully backed up as C:\Users\leandro\Downloads\DGP\aplicacion20150510\Backup\DGP.Entities\BEZona.cs">
</Event><Event ErrorLevel="0" Project="DGP.Entities" Source="DGP.Entities\Ventas\dsLineaVenta.cs" Description="File successfully backed up as C:\Users\leandro\Downloads\DGP\aplicacion20150510\Backup\DGP.Entities\Ventas\dsLineaVenta.cs">
</Event><Event ErrorLevel="0" Project="DGP.Entities" Source="DGP.Entities\Ventas\dsLineaVenta.Designer.cs" Description="File successfully backed up as C:\Users\leandro\Downloads\DGP\aplicacion20150510\Backup\DGP.Entities\Ventas\dsLineaVenta.Designer.cs">
</Event><Event ErrorLevel="0" Project="DGP.Entities" Source="DGP.Entities\Ventas\eVentaEsSobrante.cs" Description="File successfully backed up as C:\Users\leandro\Downloads\DGP\aplicacion20150510\Backup\DGP.Entities\Ventas\eVentaEsSobrante.cs">
</Event><Event ErrorLevel="0" Project="DGP.Entities" Source="DGP.Entities\Ventas\VistaAmortizacion.cs" Description="File successfully backed up as C:\Users\leandro\Downloads\DGP\aplicacion20150510\Backup\DGP.Entities\Ventas\VistaAmortizacion.cs">
</Event><Event ErrorLevel="0" Project="DGP.Entities" Source="DGP.Entities\Ventas\VistaVenta.cs" Description="File successfully backed up as C:\Users\leandro\Downloads\DGP\aplicacion20150510\Backup\DGP.Entities\Ventas\VistaVenta.cs">
</Event><Event ErrorLevel="0" Project="DGP.Entities" Source="DGP.Entities\app.config" Description="File successfully backed up as C:\Users\leandro\Downloads\DGP\aplicacion20150510\Backup\DGP.Entities\app.config">
</Event><Event ErrorLevel="0" Project="DGP.Entities" Source="DGP.Entities\DataSet\DSEntitiesCliente.xsc" Description="File successfully backed up as C:\Users\leandro\Downloads\DGP\aplicacion20150510\Backup\DGP.Entities\DataSet\DSEntitiesCliente.xsc">
</Event><Event ErrorLevel="0" Project="DGP.Entities" Source="DGP.Entities\DataSet\DSEntitiesCliente.xsd" Description="File successfully backed up as C:\Users\leandro\Downloads\DGP\aplicacion20150510\Backup\DGP.Entities\DataSet\DSEntitiesCliente.xsd">
</Event><Event ErrorLevel="0" Project="DGP.Entities" Source="DGP.Entities\DataSet\DSEntitiesCliente.xss" Description="File successfully backed up as C:\Users\leandro\Downloads\DGP\aplicacion20150510\Backup\DGP.Entities\DataSet\DSEntitiesCliente.xss">
</Event><Event ErrorLevel="0" Project="DGP.Entities" Source="DGP.Entities\DataSet\DSEntitiesTablero.xsc" Description="File successfully backed up as C:\Users\leandro\Downloads\DGP\aplicacion20150510\Backup\DGP.Entities\DataSet\DSEntitiesTablero.xsc">
</Event><Event ErrorLevel="0" Project="DGP.Entities" Source="DGP.Entities\DataSet\DSEntitiesTablero.xsd" Description="File successfully backed up as C:\Users\leandro\Downloads\DGP\aplicacion20150510\Backup\DGP.Entities\DataSet\DSEntitiesTablero.xsd">
</Event><Event ErrorLevel="0" Project="DGP.Entities" Source="DGP.Entities\DataSet\DSEntitiesTablero.xss" Description="File successfully backed up as C:\Users\leandro\Downloads\DGP\aplicacion20150510\Backup\DGP.Entities\DataSet\DSEntitiesTablero.xss">
</Event><Event ErrorLevel="0" Project="DGP.Entities" Source="DGP.Entities\DataSet\DSHojaCobranza.xsc" Description="File successfully backed up as C:\Users\leandro\Downloads\DGP\aplicacion20150510\Backup\DGP.Entities\DataSet\DSHojaCobranza.xsc">
</Event><Event ErrorLevel="0" Project="DGP.Entities" Source="DGP.Entities\DataSet\DSHojaCobranza.xsd" Description="File successfully backed up as C:\Users\leandro\Downloads\DGP\aplicacion20150510\Backup\DGP.Entities\DataSet\DSHojaCobranza.xsd">
</Event><Event ErrorLevel="0" Project="DGP.Entities" Source="DGP.Entities\DataSet\DSHojaCobranza.xss" Description="File successfully backed up as C:\Users\leandro\Downloads\DGP\aplicacion20150510\Backup\DGP.Entities\DataSet\DSHojaCobranza.xss">
</Event><Event ErrorLevel="0" Project="DGP.Entities" Source="DGP.Entities\DataSet\DSRptClientes.xsc" Description="File successfully backed up as C:\Users\leandro\Downloads\DGP\aplicacion20150510\Backup\DGP.Entities\DataSet\DSRptClientes.xsc">
</Event><Event ErrorLevel="0" Project="DGP.Entities" Source="DGP.Entities\DataSet\DSRptClientes.xsd" Description="File successfully backed up as C:\Users\leandro\Downloads\DGP\aplicacion20150510\Backup\DGP.Entities\DataSet\DSRptClientes.xsd">
</Event><Event ErrorLevel="0" Project="DGP.Entities" Source="DGP.Entities\DataSet\DSRptClientes.xss" Description="File successfully backed up as C:\Users\leandro\Downloads\DGP\aplicacion20150510\Backup\DGP.Entities\DataSet\DSRptClientes.xss">
</Event><Event ErrorLevel="0" Project="DGP.Entities" Source="DGP.Entities\DataSet\DSRptTablero.xsc" Description="File successfully backed up as C:\Users\leandro\Downloads\DGP\aplicacion20150510\Backup\DGP.Entities\DataSet\DSRptTablero.xsc">
</Event><Event ErrorLevel="0" Project="DGP.Entities" Source="DGP.Entities\DataSet\DSRptTablero.xsd" Description="File successfully backed up as C:\Users\leandro\Downloads\DGP\aplicacion20150510\Backup\DGP.Entities\DataSet\DSRptTablero.xsd">
</Event><Event ErrorLevel="0" Project="DGP.Entities" Source="DGP.Entities\DataSet\DSRptTablero.xss" Description="File successfully backed up as C:\Users\leandro\Downloads\DGP\aplicacion20150510\Backup\DGP.Entities\DataSet\DSRptTablero.xss">
</Event><Event ErrorLevel="0" Project="DGP.Entities" Source="DGP.Entities\DGP.Entities.snk" Description="File successfully backed up as C:\Users\leandro\Downloads\DGP\aplicacion20150510\Backup\DGP.Entities\DGP.Entities.snk">
</Event><Event ErrorLevel="0" Project="DGP.Entities" Source="DGP.Entities\dgpDataSet.xsc" Description="File successfully backed up as C:\Users\leandro\Downloads\DGP\aplicacion20150510\Backup\DGP.Entities\dgpDataSet.xsc">
</Event><Event ErrorLevel="0" Project="DGP.Entities" Source="DGP.Entities\dgpDataSet.xsd" Description="File successfully backed up as C:\Users\leandro\Downloads\DGP\aplicacion20150510\Backup\DGP.Entities\dgpDataSet.xsd">
</Event><Event ErrorLevel="0" Project="DGP.Entities" Source="DGP.Entities\dgpDataSet.xss" Description="File successfully backed up as C:\Users\leandro\Downloads\DGP\aplicacion20150510\Backup\DGP.Entities\dgpDataSet.xss">
</Event><Event ErrorLevel="0" Project="DGP.Entities" Source="DGP.Entities\Properties\Settings.settings" Description="File successfully backed up as C:\Users\leandro\Downloads\DGP\aplicacion20150510\Backup\DGP.Entities\Properties\Settings.settings">
</Event><Event ErrorLevel="0" Project="DGP.Entities" Source="DGP.Entities\Ventas\dsLineaVenta.xsc" Description="File successfully backed up as C:\Users\leandro\Downloads\DGP\aplicacion20150510\Backup\DGP.Entities\Ventas\dsLineaVenta.xsc">
</Event><Event ErrorLevel="0" Project="DGP.Entities" Source="DGP.Entities\Ventas\dsLineaVenta.xsd" Description="File successfully backed up as C:\Users\leandro\Downloads\DGP\aplicacion20150510\Backup\DGP.Entities\Ventas\dsLineaVenta.xsd">
</Event><Event ErrorLevel="0" Project="DGP.Entities" Source="DGP.Entities\Ventas\dsLineaVenta.xss" Description="File successfully backed up as C:\Users\leandro\Downloads\DGP\aplicacion20150510\Backup\DGP.Entities\Ventas\dsLineaVenta.xss">
</Event><Event ErrorLevel="0" Project="DGP.Entities" Source="DGP.Entities\Reportes\CRptHojaPrecios.rpt" Description="File successfully backed up as C:\Users\leandro\Downloads\DGP\aplicacion20150510\Backup\DGP.Entities\Reportes\CRptHojaPrecios.rpt">
</Event><Event ErrorLevel="0" Project="DGP.Entities" Source="DGP.Entities\Reportes\CRptHojaTablero.rpt" Description="File successfully backed up as C:\Users\leandro\Downloads\DGP\aplicacion20150510\Backup\DGP.Entities\Reportes\CRptHojaTablero.rpt">
</Event><Event ErrorLevel="0" Project="DGP.Entities" Source="DGP.Entities\Reportes\CRHojaCobranza.rpt" Description="File successfully backed up as C:\Users\leandro\Downloads\DGP\aplicacion20150510\Backup\DGP.Entities\Reportes\CRHojaCobranza.rpt">
</Event><Event ErrorLevel="0" Project="DGP.Entities" Source="DGP.Entities\Reportes\CRptReporteTablero.rpt" Description="File successfully backed up as C:\Users\leandro\Downloads\DGP\aplicacion20150510\Backup\DGP.Entities\Reportes\CRptReporteTablero.rpt">
</Event><Event ErrorLevel="0" Project="DGP.Entities" Source="DGP.Entities\Reportes\CRRendicion.rpt" Description="File successfully backed up as C:\Users\leandro\Downloads\DGP\aplicacion20150510\Backup\DGP.Entities\Reportes\CRRendicion.rpt">
</Event><Event ErrorLevel="0" Project="DGP.Entities" Source="DGP.Entities\DGP.Entities.csproj" Description="Project converted successfully">
</Event><Event ErrorLevel="3" Project="DGP.Entities" Source="DGP.Entities\DGP.Entities.csproj" Description="Converted">
</Event><Event ErrorLevel="0" Project="DGP.Util" Source="DGP.Util\DGP.Util.csproj" Description="Project file successfully backed up as C:\Users\leandro\Downloads\DGP\aplicacion20150510\Backup\DGP.Util\DGP.Util.csproj">
</Event><Event ErrorLevel="0" Project="DGP.Util" Source="DGP.Util\Cadenas.cs" Description="File successfully backed up as C:\Users\leandro\Downloads\DGP\aplicacion20150510\Backup\DGP.Util\Cadenas.cs">
</Event><Event ErrorLevel="0" Project="DGP.Util" Source="DGP.Util\Properties\AssemblyInfo.cs" Description="File successfully backed up as C:\Users\leandro\Downloads\DGP\aplicacion20150510\Backup\DGP.Util\Properties\AssemblyInfo.cs">
</Event><Event ErrorLevel="0" Project="DGP.Util" Source="DGP.Util\DGP.Util.csproj" Description="Project converted successfully">
</Event><Event ErrorLevel="3" Project="DGP.Util" Source="DGP.Util\DGP.Util.csproj" Description="Converted">
</Event><Event ErrorLevel="0" Project="" Source="DGP.sln" Description="Solution converted successfully">
</Event><Event ErrorLevel="3" Project="" Source="DGP.sln" Description="Converted">
</Event><Event ErrorLevel="0" Project="DGP.Presentation" Source="DGP.Presentation\DGP.Presentation.csproj" Description="Scan complete: Upgrade not required for project files.">
</Event><Event ErrorLevel="0" Project="DGP.BusinessLogic" Source="DGP.BusinessLogic\DGP.BusinessLogic.csproj" Description="Scan complete: Upgrade not required for project files.">
</Event><Event ErrorLevel="0" Project="DGP.DataAccess" Source="DGP.DataAccess\DGP.DataAccess.csproj" Description="Scan complete: Upgrade not required for project files.">
</Event><Event ErrorLevel="0" Project="DGP.Entities" Source="DGP.Entities\DGP.Entities.csproj" Description="Scan complete: Upgrade not required for project files.">
</Event><Event ErrorLevel="0" Project="DGP.Util" Source="DGP.Util\DGP.Util.csproj" Description="Scan complete: Upgrade not required for project files.">
</Event></UpgradeLog>